tipo,proto,seq,rssi,lat_ms,exito,bytes
DATA,MQTT,0,-60,102,1,153
DATA,MQTT,1,-59,181,1,153
DATA,MQTT,2,-59,221,1,153
DATA,MQTT,3,-59,551,1,153
DATA,MQTT,4,-60,171,1,153
DATA,MQTT,5,-60,31,1,153
DATA,MQTT,6,-59,241,1,153
DATA,MQTT,7,-58,181,1,153
DATA,MQTT,8,-59,211,1,153
DATA,MQTT,9,-60,61,1,155
DATA,MQTT,10,-59,191,1,156
DATA,MQTT,11,-59,51,1,156
DATA,MQTT,12,-59,41,1,156
DATA,MQTT,13,-59,31,1,156
DATA,MQTT,14,-60,221,1,156
DATA,MQTT,15,-60,51,1,156
DATA,MQTT,16,-60,41,1,156
DATA,MQTT,17,-59,221,1,156
DATA,MQTT,18,-59,71,1,156
DATA,MQTT,19,-59,191,1,156
DATA,MQTT,20,-59,72,1,156
DATA,MQTT,21,-59,161,1,156
DATA,MQTT,22,-58,201,1,156
DATA,MQTT,23,-58,222,1,156
DATA,MQTT,24,-59,161,1,156
DATA,MQTT,25,-59,201,1,156
DATA,MQTT,26,-63,232,1,156
DATA,MQTT,27,-64,31,1,156
DATA,MQTT,28,-63,61,1,156
DATA,MQTT,29,-63,81,1,156
